Title,Comapany,Location,Reward,Link
https://www.wanted.co.kr//wd/87917,"[100억↑투자] App 개발(Flutter, Android, iOS)",비엘큐(테스트밸리),서울 · 한국,합격보상금 100만원
https://www.wanted.co.kr//wd/124449,Dart & Flutter 개발,씨제이대한통운(CJ대한통운),서울 · 한국,합격보상금 100만원
https://www.wanted.co.kr//wd/192811,[100억↑투자] React Native/Flutter Engineer,엔라이즈(NRISE),서울 · 한국,합격보상금 100만원
https://www.wanted.co.kr//wd/143640,모바일 앱 개발자 (Flutter),에스케이디앤디(SK D&D),서울 · 한국,합격보상금 100만원
https://www.wanted.co.kr//wd/190108,[100억↑투자] 다이어트 앱(린다이어트) 모바일 및 Flutter 개발자,인티그레이션(메디스트림),서울 · 한국,합격보상금 100만원
https://www.wanted.co.kr//wd/173122,프론트엔드 / 모바일 (Flutter) 엔지니어,드래프티파이,서울 · 한국,합격보상금 100만원
https://www.wanted.co.kr//wd/180687,FrontEnd(APP/Flutter),지에스커넥트,서울 · 한국,합격보상금 100만원
https://www.wanted.co.kr//wd/181063,Flutter Developer,밀리의서재,서울 · 한국,합격보상금 100만원
https://www.wanted.co.kr//wd/87917,"[100억↑투자] App 개발(Flutter, Android, iOS)",비엘큐(테스트밸리),서울 · 한국,합격보상금 100만원
https://www.wanted.co.kr//wd/124449,Dart & Flutter 개발,씨제이대한통운(CJ대한통운),서울 · 한국,합격보상금 100만원
https://www.wanted.co.kr//wd/192811,[100억↑투자] React Native/Flutter Engineer,엔라이즈(NRISE),서울 · 한국,합격보상금 100만원
https://www.wanted.co.kr//wd/143640,모바일 앱 개발자 (Flutter),에스케이디앤디(SK D&D),서울 · 한국,합격보상금 100만원
https://www.wanted.co.kr//wd/190108,[100억↑투자] 다이어트 앱(린다이어트) 모바일 및 Flutter 개발자,인티그레이션(메디스트림),서울 · 한국,합격보상금 100만원
https://www.wanted.co.kr//wd/173122,프론트엔드 / 모바일 (Flutter) 엔지니어,드래프티파이,서울 · 한국,합격보상금 100만원
https://www.wanted.co.kr//wd/180687,FrontEnd(APP/Flutter),지에스커넥트,서울 · 한국,합격보상금 100만원
https://www.wanted.co.kr//wd/181063,Flutter Developer,밀리의서재,서울 · 한국,합격보상금 100만원
https://www.wanted.co.kr//wd/189757,Flutter 모바일 개발자,브레이크앤컴퍼니,서울 · 한국,합격보상금 100만원
https://www.wanted.co.kr//wd/165183,[100억↑투자] 프론트엔드 개발자 (React-native / flutter),아파트멘터리,서울 · 한국,합격보상금 100만원
https://www.wanted.co.kr//wd/189993,App 개발자 (Flutter),케이에이씨미디어그룹,서울 · 한국,합격보상금 100만원
https://www.wanted.co.kr//wd/138923,모바일 앱 소프트웨어 개발 (Flutter / iOS / Android),블록체인랩스,서울 · 한국,합격보상금 100만원
https://www.wanted.co.kr//wd/193439,프론트엔드 개발자(Flutter),피노키오랩,서울 · 한국,합격보상금 100만원
https://www.wanted.co.kr//wd/191902,Flutter 모바일 개발자,헥슬란트,서울 · 한국,합격보상금 100만원
https://www.wanted.co.kr//wd/194020,Frontend Developer (Flutter),우주펫,서울 · 한국,합격보상금 100만원
https://www.wanted.co.kr//wd/97734,모바일앱 개발자(Flutter),리브애니웨어,서울 · 한국,합격보상금 100만원
https://www.wanted.co.kr//wd/169676,[ViiV(비브)] Flutter 앱 개발자 (Android/iOS),비디오몬스터,서울 · 한국,합격보상금 100만원
https://www.wanted.co.kr//wd/166491,앱 개발자(Flutter) (신규 웹소설 플랫폼),미스터블루,서울 · 한국,합격보상금 100만원
https://www.wanted.co.kr//wd/186493,모바일 Flutter 개발자(2년 이상),링크커넥션(LinkConnectionCorp.),서울 · 한국,합격보상금 100만원
https://www.wanted.co.kr//wd/193478,[100억↑투자] AI개발팀 Flutter (웹/앱) 개발자,애니펜,경기 · 한국,합격보상금 100만원
https://www.wanted.co.kr//wd/188612,프론트엔드 개발자 (Flutter/React Native),루먼랩,서울 · 한국,합격보상금 100만원
https://www.wanted.co.kr//wd/103545,앱 개발자(Flutter),제로엑스플로우,서울 · 한국,합격보상금 100만원
https://www.wanted.co.kr//wd/151186,Flutter 앱 개발자,플랙스뉴럴랩스,서울 · 한국,합격보상금 100만원
https://www.wanted.co.kr//wd/193030,모바일 Flutter 개발자 (3년 이상),로지스팟,서울 · 한국,합격보상금 100만원
https://www.wanted.co.kr//wd/177574,모바일 앱 개발자(Flutter),더싸이언티스트,서울 · 한국,합격보상금 100만원
https://www.wanted.co.kr//wd/166647,"Flutter 앱 개발자 - (1년 이상, 산업기능요원 편입 가능)",테이블매니저,서울 · 한국,합격보상금 100만원
https://www.wanted.co.kr//wd/161982,Front-end(Flutter),먼슬리키친,서울 · 한국,합격보상금 100만원
https://www.wanted.co.kr//wd/176322,flutter 개발자,티앤티플러스,서울 · 한국,합격보상금 100만원
https://www.wanted.co.kr//wd/152786,모바일 앱 개발자 (Flutter),시어스랩(Seerslab),서울 · 한국,합격보상금 100만원
https://www.wanted.co.kr//wd/181162,[윙크] Flutter Developer,단비교육,서울 · 한국,합격보상금 100만원
https://www.wanted.co.kr//wd/99737,Flutter 개발자,코보시스,서울 · 한국,합격보상금 100만원
https://www.wanted.co.kr//wd/79666,앱 개발자 (Flutter),케이팝팩토리,서울 · 한국,합격보상금 100만원
https://www.wanted.co.kr//wd/163690,앱 개발자 flutter,아스타,서울 · 한국,합격보상금 100만원
https://www.wanted.co.kr//wd/164439,Flutter APP 개발자,피트릭스,서울 · 한국,합격보상금 100만원
https://www.wanted.co.kr//wd/38892,"Flutter, iOS 앱 개발자",에임(AIM),서울 · 한국,합격보상금 100만원
https://www.wanted.co.kr//wd/162035,Flutter(플러터) 앱 개발자,에픽코퍼레이션,서울 · 한국,합격보상금 100만원
https://www.wanted.co.kr//wd/120367,Flutter 앱 개발자,비사이드코리아,서울 · 한국,합격보상금 100만원
https://www.wanted.co.kr//wd/166420,"Flutter 앱 개발자 (Flutter, AOS, IOS)",유리프트,서울 · 한국,합격보상금 100만원
https://www.wanted.co.kr//wd/192579,프론트엔드(Flutter) 개발자,와이엠스타,서울 · 한국,합격보상금 100만원
https://www.wanted.co.kr//wd/181248,[100억↑투자] 모바일 App 개발자(Flutter),비엘큐(테스트밸리),서울 · 한국,합격보상금 100만원
https://www.wanted.co.kr//wd/163741,Flutter 앱 개발자,제네시스네스트,경기 · 한국,합격보상금 100만원
https://www.wanted.co.kr//wd/168259,Flutter 개발자 (병역특례_현역/보충역),넛지헬스케어(캐시워크),서울 · 한국,합격보상금 100만원
https://www.wanted.co.kr//wd/187469,Flutter 앱 개발자 (5년 이상),디노마드,서울 · 한국,합격보상금 100만원
https://www.wanted.co.kr//wd/90497,Flutter 어플리케이션 엔지니어(전문연구요원 가능),시너지에이아이,서울 · 한국,합격보상금 100만원
https://www.wanted.co.kr//wd/148459,Flutter 앱 개발자,디에이치로지스틱스,서울 · 한국,합격보상금 100만원
https://www.wanted.co.kr//wd/185303,플러터(Flutter)개발자,피닉스다트,서울 · 한국,합격보상금 100만원
https://www.wanted.co.kr//wd/51740,모바일 앱 개발자 시니어 (Flutter),트리플콤마(골드스푼),서울 · 한국,합격보상금 100만원
https://www.wanted.co.kr//wd/187060,Flutter 앱 개발자,심버스,서울 · 한국,합격보상금 100만원
https://www.wanted.co.kr//wd/176807,Flutter 앱 개발자,어터,경기 · 한국,합격보상금 100만원
https://www.wanted.co.kr//wd/162758,플러터,아토맘코리아,서울 · 한국,합격보상금 100만원
https://www.wanted.co.kr//wd/176632,Mobile Application Engineer (Flutter),프렌클리,서울 · 한국,합격보상금 100만원
https://www.wanted.co.kr//wd/193928,Flutter Developer,캠핑제국,경기 · 한국,합격보상금 100만원
https://www.wanted.co.kr//wd/191162,서빙로봇 Flutter 앱 개발자 (포항),폴라리스쓰리디(Polaris3D),경북 · 한국,합격보상금 100만원
https://www.wanted.co.kr//wd/195031,Flutter 모바일 개발자,인피니티익스체인지코리아,서울 · 한국,합격보상금 100만원
